id,title,slug,excerpt,content,category_id,author,cover_image,read_time,views,likes,status,is_top,published_at,created_at,updated_at,deleted_at
1,前端依赖管理,frontend-dependency-management,实践 Monorepo 管理，使用 pnpm workspace 管理多个项目，提升开发效率。,"# 引言

前端依赖管理是 TypeScript 进阶学习中绕不开的话题。",5,智发,,11,0,0,1,0,2026-07-05 00:00:00,2026-07-05 00:00:00,2026-07-05 00:00:00,
2,JavaScript 类型转换,javascript-type-conversion,详解 Promise 的使用，包括 Promise 链、错误处理、并行执行等。,"# 引言

JavaScript 类型转换是前端开发中的常见操作。",4,智发,,13,0,0,1,0,2026-06-28 00:00:00,2026-06-28 00:00:00,2026-06-28 00:00:00,
3,Vue 3 插槽使用,vue3-slots,学习 Vue 3 性能优化技巧，包括 memo、shallowRef、虚拟列表、编译优化等。,"# 引言

Vue 3 插槽是实现组件内容分发的核心机制。",3,智发,,10,0,0,1,0,2026-06-21 00:00:00,2026-06-21 00:00:00,2026-06-21 00:00:00,
4,TypeScript 与 Vue 结合,typescript-vue-integration,深入理解 TypeScript 模块系统，包括 ES 模块、CommonJS、UMD 等模块格式。,"# 引言

TypeScript 与 Vue 结合是提升大型项目可维护性的关键。",2,智发,,10,0,0,1,0,2026-06-14 00:00:00,2026-06-14 00:00:00,2026-06-14 00:00:00,
5,React 条件渲染技巧,react-conditional-rendering,学习 React 组件设计模式，包括高阶组件、Render Props、组合模式等，提升组件复用性。,"# 引言

React 条件渲染是构建动态 UI 的基础能力。",1,智发,,6,0,0,1,0,2026-06-07 00:00:00,2026-06-07 00:00:00,2026-06-07 00:00:00,
